{"best_fitness": 12391670280, "best_emissions": 137315619, "best_waiting_time": 341240, "avg_fitness": 307973509529.8, "avg_emissions": 522536685.73333335, "avg_waiting_time": 2167212.066666667, "_timestamp": 1648354112, "_runtime": 9106, "_step": 16}