{"best_fitness": 9060183164, "best_emissions": 114022124, "best_waiting_time": 249955, "avg_fitness": 266485673585.5, "avg_emissions": 431637583.8333333, "avg_waiting_time": 1277686.3333333333, "_timestamp": 1648399785, "_runtime": 13804, "_step": 19, "_wandb": {"runtime": 13802}}