{"best_fitness": 314708459347, "best_emissions": 486014578, "best_waiting_time": 1410249, "avg_fitness": 318983930681.0, "avg_emissions": 496803178.4166667, "avg_waiting_time": 1525281.6666666667, "_timestamp": 1648459736, "_runtime": 11262, "_step": 19, "_wandb": {"runtime": 11260}}