{"best_fitness": 327837952443, "best_emissions": 519347439, "best_waiting_time": 1751183, "avg_fitness": 527841809074.5333, "avg_emissions": 1093641533.0666666, "avg_waiting_time": 21615393.333333332, "_timestamp": 1648344047, "_runtime": 647, "_step": 0, "_wandb": {"runtime": 789}}