{"best_fitness": 315812783625, "best_emissions": 495106496, "best_waiting_time": 1483496, "avg_fitness": 516720087606.06665, "avg_emissions": 1090933097.5333333, "avg_waiting_time": 24888207.133333333, "_timestamp": 1648344835, "_runtime": 631, "_step": 0, "_wandb": {"runtime": 788}}