{"best_fitness": 10948487209, "best_emissions": 131777597, "best_waiting_time": 460856, "avg_fitness": 268881015807.25, "avg_emissions": 471276615.3333333, "avg_waiting_time": 2164382.5833333335, "_timestamp": 1648448468, "_runtime": 48678, "_step": 19, "_wandb": {"runtime": 48677}}